{
  "core_shaderfx_config": [
    {
      "shaderfx_package": "fx_background_shader",
      "shader_file_vertex": "imgui_profx_system/shader/system_preset/fx_background_shader.vert",
      "shader_file_fragment": "imgui_profx_system/shader/system_preset/fx_background_shader.frag",
      "render_max_fps": 160,
      "render_scale_xy": [ -1.0, -1.0 ],
      "shader_uniform_texture": [],
      "shader_uniform_param": [ "brightness", "speed" ]
    },
    {
      "shaderfx_package": "fx_circle_shader",
      "shader_file_vertex": "imgui_profx_system/shader/fx_circle_shader.vert",
      "shader_file_fragment": "imgui_profx_system/shader/fx_circle_shader.frag",
      "render_max_fps": 160,
      "render_scale_xy": [ -1.0, -1.0 ],
      "shader_uniform_texture": [],
      "shader_uniform_param": []
    },
    {
      "shaderfx_package": "fx_hexerino_shader",
      "shader_file_vertex": "imgui_profx_system/shader/fx_hexerino_shader.vert",
      "shader_file_fragment": "imgui_profx_system/shader/fx_hexerino_shader.frag",
      "render_max_fps": 160,
      "render_scale_xy": [ -1.0, -1.0 ],
      "shader_uniform_texture": [
        {
          "image_file_path": "imgui_profx_system/improfx2_logo.png",
          "image_ufh_name": "logo_texture"
        }
      ],
      "shader_uniform_param": [ "lightning" ]
    }
  ],
  "core_raw_texture_config": [
    {
      "image_file_path": "imgui_profx_system/improfx2_logo.png",
      "image_unique_name": "improfx2_logo"
    },
    {
      "image_file_path": "imgui_profx_system/demo22alpha/next_button.png",
      "image_unique_name": "demo2a_button_next"
    },
    {
      "image_file_path": "imgui_profx_system/demo22alpha/improfx2a_main.png",
      "image_unique_name": "demo2a_main"
    },
    {
      "image_file_path": "imgui_profx_system/demo22alpha/improfx2a_arch.png",
      "image_unique_name": "demo2a_arch"
    },
    {
      "image_file_path": "imgui_profx_system/demo22alpha/improfx2a_core.png",
      "image_unique_name": "demo2a_core"
    },
    {
      "image_file_path": "imgui_profx_system/demo22alpha/improfx2a_next.png",
      "image_unique_name": "demo2a_next"
    },
    {
      "image_file_path": "imgui_profx_system/demo22alpha/ImProFX23t-ARCH.png",
      "image_unique_name": "demo2a_arch_img"
    },
    {
      "image_file_path": "imgui_profx_system/demo22alpha/pageicon_shfx.png",
      "image_unique_name": "demo2a_icon_shfx"
    },
    {
      "image_file_path": "imgui_profx_system/demo22alpha/pageicon_anim.png",
      "image_unique_name": "demo2a_icon_anim"
    },
    {
      "image_file_path": "imgui_profx_system/demo22alpha/pageicon_ptcs.png",
      "image_unique_name": "demo2a_icon_ptcs"
    },
    {
      "image_file_path": "imgui_profx_system/demo22alpha/pageicon_tool.png",
      "image_unique_name": "demo2a_icon_tool"
    },
    {
      "image_file_path": "imgui_profx_system/demo22alpha/tools_icon_settings.png",
      "image_unique_name": "icon_settings"
    },
    {
      "image_file_path": "imgui_profx_system/demo22alpha/tools_icon_arch.png",
      "image_unique_name": "icon_arch"
    },
    {
      "image_file_path": "imgui_profx_system/demo22alpha/tools_icon_info.png",
      "image_unique_name": "icon_info"
    }
  ]
}