{
  "core_shaderfx_config": [
    {
      "shaderfx_package": "fx_background_shader",
      "shader_file_vertex": "imgui_profx_system/shader/fx_background_shader.vert",
      "shader_file_fragment": "imgui_profx_system/shader/fx_background_shader.frag",
      "shader_fbo_texture_name": "fbo_texture",
      "matrix_ortho_cube": 10.0,
      "render_max_fps": 160,
      "render_max_resolution": [ -1,-1 ],
      "shader_uniform_texture": [
        {
          "image_file_path": "imgui_profx_system/improfx_bg_logo.png",
          "image_ufh_name": "bglogo_texture"
        }
      ],
      "shader_uniform_param": []
    },
    {
      "shaderfx_package": "fx_sunsky_shader",
      "shader_file_vertex": "imgui_profx_system/shader/fx_sunsky_shader.vert",
      "shader_file_fragment": "imgui_profx_system/shader/fx_sunsky_shader.frag",
      "shader_fbo_texture_name": "fbo_texture",
      "matrix_ortho_cube": 10.0,
      "render_max_fps": 160,
      "render_max_resolution": [ -1, -1 ],
      "shader_uniform_texture": [
        {
          "image_file_path": "imgui_profx_system/tex_noise700x.png",
          "image_ufh_name": "noise_texture"
        }
      ],
      "shader_uniform_param": [ "lightning" ]
    },
    {
      "shaderfx_package": "fx_circle_shader",
      "shader_file_vertex": "imgui_profx_system/shader/fx_circle_shader.vert",
      "shader_file_fragment": "imgui_profx_system/shader/fx_circle_shader.frag",
      "shader_fbo_texture_name": "fbo_texture",
      "matrix_ortho_cube": 10.0,
      "render_max_fps": 160,
      "render_max_resolution": [ -1, -1 ],
      "shader_uniform_texture": [],
      "shader_uniform_param": []
    }
  ],
  "core_raw_texture_config": [
    {
      "image_file_path": "imgui_profx_system/profx_page/improfx20_main.png",
      "image_unique_name": "20page_main"
    },
    {
      "image_file_path": "imgui_profx_system/profx_page/improfx20_page_ref.png",
      "image_unique_name": "20page_ref"
    },
    {
      "image_file_path": "imgui_profx_system/profx_page/improfx20_page_thp.png",
      "image_unique_name": "20page_thp"
    },
    {
      "image_file_path": "imgui_profx_system/profx_page/improfx20_page_ils.png",
      "image_unique_name": "20page_ils"
    },
    {
      "image_file_path": "imgui_profx_system/profx_page/improfx20_page_shd.png",
      "image_unique_name": "20page_shd"
    },
    {
      "image_file_path": "imgui_profx_system/profx_page/improfx20_page_log.png",
      "image_unique_name": "20page_log"
    },
    {
      "image_file_path": "imgui_profx_system/profx_page/improfx20_end.png",
      "image_unique_name": "20page_end"
    }
  ]
}