{
  "window_name": "ImProFX - V2.0 ALPHA",
  "window_size": [ 1680, 945 ],
  "window_MSAA": 4,
  "window_fw_version": [ 3, 3 ],
  "window_sh_version": "#version 330 core",
  "window_icon_file": "imgui_profx_system/improfx2_logo.png",
  "imgui_fonts_file": "imgui_profx_system/YouSheBiaoTiHei.ttf",
  "imgui_fonts_size": 35.0,
  "imgui_fonts_color": [ 0.0, 1.0, 0.85, 1.0 ],
  "imgui_window_rounding": 5.2,
  "imgui_frame_rounding": 5.5,
  "shader_reg_file": "imgui_profx_system/config/shader_config.json",
  "system_create_workers": 32
}