{
  "window_name": "ImProFX - V2.2 IMFX",
  "window_size": [ 1344, 756 ],
  "window_size_fixed": true,
  "window_full_screen": false,
  "window_MSAA": 4,
  "window_fw_version": [ 3, 3 ],
  "window_sh_version": "#version 330 core",
  "window_bg_color": [ 0.0, 0.0, 0.0, 1.0 ],
  "window_bg_shader": true,
  "window_icon_file": "imgui_profx_system/improfx2_logo.png",
  "imgui_fonts_file": "imgui_profx_system/monosb.ttf",
  "imgui_fonts_size": 30.0,
  "imgui_fonts_color": [ 0.0, 1.0, 0.85, 1.0 ],
  "imgui_window_rounding": 5.2,
  "imgui_frame_rounding": 3.2,
  "shader_reg_file": "imgui_profx_system/config/shader_config.json",
  "system_create_workers": 32
}