{
  "core_shaderfx_config": [
    {
      "shaderfx_package": "system_background_shader",
      "shader_file_vertex": "imgui_profx_system/.system_shader/fx_background_shader.vert",
      "shader_file_fragment": "imgui_profx_system/.system_shader/fx_background_shader.frag",
      "render_max_fps": 160,
      "render_scale_xy": [ 1.0, 1.0 ],
      "shader_uniform_texture": [
        {
          "image_file_path": "imgui_profx_system/improfx31080.logo.png",
          "image_ufh_name": "FrameworkLogo"
        }
      ],
      "shader_uniform_param": [ "brightness", "speed" ]
    }
  ],
  "core_raw_texture_config": [
    {
      "image_file_path": "imgui_profx_system/IMPROFX-III.bloom_logo.png",
      "image_unique_name": "IMPROFX-III"
    }
  ]
}