{
  "window_name": "ImProFX - V3.0 ALPHA",
  "window_size": [ 1680, 945 ],
  "window_size_fixed": true,
  "window_full_screen": false,
  "window_MSAA": 4,
  "window_fw_version": [ 3, 3 ],
  "window_sh_version": "#version 330 core",
  "window_bg_color": [ 0.0, 0.0, 0.0, 0.92 ],
  "window_bg_shader": false,
  "window_icon_file": "imgui_profx_system/IMPROFX-III.bloom_logo.png",
  "imgui_fonts_file": "imgui_profx_system/YouSheBiaoTiHei.ttf",
  "imgui_fonts_size": 35.0,
  "imgui_fonts_color": [ 0.0, 0.72, 0.72, 1.0 ],
  "imgui_window_rounding": 0.0,
  "imgui_frame_rounding": 4.2,
  "shader_reg_file": "imgui_profx_system/.system_config/shader_config.json",
  "system_create_workers": 32
}