{
  "core_shaderfx_config": [
    {
      "shaderfx_package": "fx_background_shader",
      "shader_file_vertex": "imgui_profx_system/shader/fx_background_shader.vs",
      "shader_file_fragment": "imgui_profx_system/shader/fx_background_shader.fs",
      "shader_fbo_texture_name": "fbo_texture",
      "matrix_ortho_cube": 10.0,
      "render_max_fps": 160,
      "render_max_resolution": [ -1,-1 ],
      "shader_uniform_texture": [
        {
          "image_file_path": "imgui_profx_system/improfx_bg_logo.png",
          "image_ufh_name": "bglogo_texture"
        }
      ],
      "shader_uniform_param": []
    },
    {
      "shaderfx_package": "fx_sunsky_shader",
      "shader_file_vertex": "imgui_profx_system/shader/fx_sunsky_shader.vs",
      "shader_file_fragment": "imgui_profx_system/shader/fx_sunsky_shader.fs",
      "shader_fbo_texture_name": "fbo_texture",
      "matrix_ortho_cube": 10.0,
      "render_max_fps": 160,
      "render_max_resolution": [ -1, -1 ],
      "shader_uniform_texture": [
        {
          "image_file_path": "imgui_profx_system/tex_noise700x.png",
          "image_ufh_name": "noise_texture"
        }
      ],
      "shader_uniform_param": [ "lightning" ]
    },
    {
      "shaderfx_package": "fx_circle_shader",
      "shader_file_vertex": "imgui_profx_system/shader/fx_circle_shader.vs",
      "shader_file_fragment": "imgui_profx_system/shader/fx_circle_shader.fs",
      "shader_fbo_texture_name": "fbo_texture",
      "matrix_ortho_cube": 10.0,
      "render_max_fps": 160,
      "render_max_resolution": [ -1, -1 ],
      "shader_uniform_texture": [],
      "shader_uniform_param": []
    }
  ],
  "core_raw_texture_config": [
    {
      "image_file_path": "imgui_profx_system/improfx_logo11.png",
      "image_unique_name": "login_improfx11"
    },
    {
      "image_file_path": "imgui_profx_system/module_shaderfx.png",
      "image_unique_name": "lable_msf"
    },
    {
      "image_file_path": "imgui_profx_system/module_animation.png",
      "image_unique_name": "lable_mat"
    },
    {
      "image_file_path": "imgui_profx_system/module_imguipro.png",
      "image_unique_name": "lable_mip"
    },
    {
      "image_file_path": "imgui_profx_system/module_memory.png",
      "image_unique_name": "lable_mem"
    },
    {
      "image_file_path": "imgui_profx_system/button_circle.png",
      "image_unique_name": "butcircle"
    }
  ]
}