{
  "core_shaderfx_config": [
    {
      "shaderfx_package": "fx_background_shader",
      "shader_file_vertex": "imgui_profx_system/shader/fx_background_shader.vs",
      "shader_file_fragment": "imgui_profx_system/shader/fx_background_shader.fs",
      "shader_fbo_texture_name": "fbo_texture",
      "matrix_ortho_cube": 10.0,
      "shader_uniform_texture": [
        {
          "image_file_path": "imgui_profx_system/improfx_bg_logo.png",
          "image_ufh_name": "texture_bg"
        }
      ],
      "shader_uniform_param": [ "space_speed", "space_brightness" ]
    },
    {
      "shaderfx_package": "fx_starsky_shader",
      "shader_file_vertex": "imgui_profx_system/shader/fx_starsky_shader.vs",
      "shader_file_fragment": "imgui_profx_system/shader/fx_starsky_shader.fs",
      "shader_fbo_texture_name": "fbo_texture",
      "matrix_ortho_cube": 10.0,
      "shader_uniform_texture": [],
      "shader_uniform_param": []
    },
    {
      "shaderfx_package": "fx_artcoding_shader",
      "shader_file_vertex": "imgui_profx_system/shader/fx_artcoding_shader.vs",
      "shader_file_fragment": "imgui_profx_system/shader/fx_artcoding_shader.fs",
      "shader_fbo_texture_name": "fbo_texture",
      "matrix_ortho_cube": 10.0,
      "shader_uniform_texture": [],
      "shader_uniform_param": []
    },
    {
      "shaderfx_package": "fx_circle_shader",
      "shader_file_vertex": "imgui_profx_system/shader/fx_circle_shader.vs",
      "shader_file_fragment": "imgui_profx_system/shader/fx_circle_shader.fs",
      "shader_fbo_texture_name": "fbo_texture",
      "matrix_ortho_cube": 10.0,
      "shader_uniform_texture": [],
      "shader_uniform_param": []
    }
  ],
  "core_raw_texture_config": [
    {
      "image_file_path": "imgui_profx_system/icon_settings.png",
      "image_unique_name": "icon_settings"
    },
    {
      "image_file_path": "imgui_profx_system/pomelostar_logo.png",
      "image_unique_name": "pomelo_logo"
    },
    {
      "image_file_path": "imgui_profx_system/welcome_improfx.png",
      "image_unique_name": "login_improfx"
    }
  ]
}