{
  "core_shaderfx_config": [
    {
      "shaderfx_package": "fx_background_shader",
      "shader_file_vertex": "imgui_profx_system/shader/fx_background_shader.vert",
      "shader_file_fragment": "imgui_profx_system/shader/fx_background_shader.frag",
      "shader_fbo_texture_name": "fbo_texture",
      "render_max_fps": 160,
      "render_scale_xy": [ -1.0, -1.0 ],
      "shader_uniform_texture": [

      ],
      "shader_uniform_param": []
    }
  ],
  "core_raw_texture_config": [
    
  ]
}